,date,temperature_2m,relative_humidity_2m,dew_point_2m,apparent_temperature,precipitation,rain,snowfall,weather_code,pressure_msl,surface_pressure,cloud_cover,cloud_cover_low,cloud_cover_mid,cloud_cover_high,vapour_pressure_deficit,wind_speed_10m,wind_speed_100m,wind_direction_10m,wind_direction_100m,wind_gusts_10m,surface_temperature,soil_temperature_0_to_7cm,soil_moisture_0_to_7cm,soil_moisture_7_to_28cm,runoff,cape,total_column_integrated_water_vapour,shortwave_radiation_instant,direct_radiation_instant,diffuse_radiation_instant,direct_normal_irradiance_instant,global_tilted_irradiance_instant
0,2026-03-07 00:00:00,-1.5,32.5,-16.0,-6.1,0.0,0.0,0.0,3.0,1022.8,849.4,80.1,0.0,80.0,20.6,0.4,1.9,3.2,103.5,142.3,4.1,-6.0,2.1,0.3,0.3,0.0,0.0,2.4,0.0,0.0,0.0,0.0,0.0
1,2026-03-07 01:00:00,-1.1,29.6,-16.7,-5.7,0.0,0.0,0.0,2.0,1022.5,849.4,67.4,0.0,42.0,47.7,0.4,1.8,3.0,104.5,143.2,3.9,-5.8,2.1,0.3,0.3,0.0,0.0,2.6,0.0,0.0,0.0,0.0,0.0
2,2026-03-07 02:00:00,-0.7,27.7,-17.1,-5.2,0.0,0.0,0.0,2.0,1021.9,849.2,61.9,0.0,13.4,69.9,0.4,1.6,2.7,106.7,144.4,3.6,-5.6,2.0,0.3,0.3,0.0,0.0,2.8,0.0,0.0,0.0,0.0,0.0
3,2026-03-07 03:00:00,-0.1,26.8,-17.0,-4.5,0.0,0.0,0.0,2.0,1020.9,848.6,71.1,0.0,3.4,80.9,0.4,1.4,2.3,105.6,146.9,3.5,-5.7,1.8,0.3,0.3,0.0,0.0,2.9,0.0,0.0,0.0,0.0,0.0
4,2026-03-07 04:00:00,0.6,26.8,-16.4,-3.8,0.0,0.0,0.0,3.0,1019.6,847.9,87.6,0.0,1.8,86.2,0.5,1.3,1.9,106.9,150.4,3.5,-5.7,1.5,0.3,0.3,0.0,0.0,3.1,0.0,0.0,0.0,0.0,0.0
5,2026-03-07 05:00:00,1.0,27.8,-15.5,-3.1,0.0,0.0,0.0,3.0,1018.9,847.6,99.6,0.0,4.2,88.4,0.5,1.1,1.5,105.1,155.5,3.3,-5.7,1.3,0.3,0.3,0.0,0.0,3.2,0.0,0.0,0.0,0.0,0.0
6,2026-03-07 06:00:00,1.0,29.8,-14.8,-3.1,0.0,0.0,0.0,3.0,1019.3,848.0,99.0,0.0,11.0,90.2,0.5,1.0,1.3,112.1,161.1,2.6,-6.0,1.1,0.3,0.3,0.0,0.0,3.4,0.0,0.0,0.0,0.0,0.0
7,2026-03-07 07:00:00,0.8,31.8,-14.2,-3.2,0.0,0.0,0.0,3.0,1020.2,848.6,97.8,0.0,21.6,88.9,0.4,0.9,0.9,124.4,168.9,1.9,-6.2,1.0,0.3,0.3,0.0,0.0,3.5,0.0,0.0,0.0,0.0,0.0
8,2026-03-07 08:00:00,1.1,31.8,-13.9,-2.7,0.0,0.0,0.0,3.0,1021.0,849.4,97.2,0.0,32.2,79.9,0.5,0.6,0.7,133.5,196.9,1.7,-4.7,1.0,0.3,0.3,0.0,0.0,3.7,38.7,1.9,36.8,10.8,20.9
9,2026-03-07 09:00:00,2.7,27.9,-14.1,-1.0,0.0,0.0,0.0,3.0,1021.4,850.6,80.1,0.0,44.8,52.6,0.5,0.4,0.8,264.1,271.9,2.7,0.1,1.2,0.3,0.3,0.0,0.0,3.8,195.6,71.2,124.4,335.1,195.6
10,2026-03-07 10:00:00,4.8,23.0,-14.6,0.6,0.0,0.0,0.0,2.0,1021.5,851.9,58.6,0.0,58.3,17.6,0.7,1.3,1.5,292.0,299.8,4.3,6.6,1.7,0.3,0.3,0.0,0.0,3.9,411.5,251.2,160.3,642.6,411.5
11,2026-03-07 11:00:00,6.5,19.1,-15.4,1.9,0.0,0.0,0.0,1.0,1021.4,852.7,47.4,0.0,61.2,1.9,0.8,2.0,2.2,294.4,303.0,5.7,11.5,2.0,0.3,0.3,0.0,0.0,4.0,588.0,422.4,165.7,783.9,588.0
12,2026-03-07 12:00:00,7.4,18.1,-15.4,3.3,0.0,0.0,0.0,2.0,1020.7,852.6,57.6,0.0,45.6,24.2,0.8,2.2,2.5,294.2,302.3,6.4,13.7,2.1,0.3,0.3,0.0,0.0,4.1,698.5,530.5,168.0,821.3,698.5
13,2026-03-07 13:00:00,7.8,17.9,-15.1,4.1,0.0,0.0,0.0,3.0,1019.9,852.2,80.0,0.0,19.5,65.8,0.9,2.3,2.7,292.2,298.0,6.7,14.5,2.2,0.3,0.3,0.0,0.0,4.3,739.2,568.5,170.8,806.1,739.2
14,2026-03-07 14:00:00,8.1,17.8,-15.0,4.4,0.0,0.0,0.0,3.0,1019.1,851.6,95.9,0.0,1.1,96.7,0.9,2.2,2.7,292.6,297.4,6.8,14.3,2.5,0.3,0.3,0.0,0.0,4.4,711.6,542.9,168.8,762.0,711.6
15,2026-03-07 15:00:00,8.4,17.8,-14.8,4.2,0.0,0.0,0.0,3.0,1018.2,851.0,96.7,0.0,0.2,96.7,0.9,2.2,2.6,299.8,304.7,6.7,13.2,3.5,0.3,0.3,0.0,0.0,4.5,613.1,451.1,162.0,676.2,613.1
16,2026-03-07 16:00:00,8.5,17.8,-14.7,3.8,0.0,0.0,0.0,3.0,1017.5,850.5,96.7,0.0,0.3,96.7,0.9,2.2,2.4,310.8,315.9,6.5,11.1,4.7,0.3,0.3,0.0,0.0,4.7,458.1,308.6,149.5,539.3,458.1
17,2026-03-07 17:00:00,8.0,18.8,-14.4,3.5,0.0,0.0,0.0,3.0,1017.2,850.0,95.8,0.0,1.3,96.7,0.9,1.9,2.3,321.8,331.0,6.0,8.3,5.4,0.3,0.3,0.0,0.0,4.8,265.3,141.2,124.0,324.9,265.3
18,2026-03-07 18:00:00,6.4,21.8,-14.0,2.2,0.0,0.0,0.0,3.0,1017.5,849.4,93.7,0.0,11.7,68.3,0.8,1.2,2.2,339.8,344.2,5.1,4.2,4.9,0.3,0.3,0.0,0.0,4.9,96.3,31.4,64.9,119.2,96.3
19,2026-03-07 19:00:00,4.3,24.8,-14.1,0.4,0.0,0.0,0.0,3.0,1018.2,848.8,91.0,0.0,27.1,29.5,0.6,0.7,2.2,50.5,12.5,3.8,-0.5,3.8,0.3,0.3,0.0,0.0,5.1,0.0,0.0,0.0,0.0,0.0
20,2026-03-07 20:00:00,2.8,26.9,-14.4,-1.3,0.0,0.0,0.0,3.0,1018.9,848.6,90.0,0.0,43.5,1.9,0.5,1.1,2.4,92.4,26.0,3.0,-3.7,3.0,0.3,0.3,0.0,0.0,5.3,0.0,0.0,0.0,0.0,0.0
21,2026-03-07 21:00:00,2.8,25.9,-14.9,-1.5,0.0,0.0,0.0,3.0,1019.6,849.2,92.2,0.0,65.7,1.6,0.6,1.4,2.7,93.8,32.4,2.7,-3.8,2.6,0.3,0.3,0.0,0.0,5.7,0.0,0.0,0.0,0.0,0.0
22,2026-03-07 22:00:00,3.5,23.0,-15.7,-0.9,0.0,0.0,0.0,3.0,1020.3,850.1,96.9,0.0,88.2,2.8,0.6,1.5,3.0,86.7,33.9,2.6,-2.3,2.5,0.3,0.3,0.0,0.0,6.1,0.0,0.0,0.0,0.0,0.0
23,2026-03-07 23:00:00,4.0,23.1,-15.3,-0.5,0.0,0.0,0.0,3.0,1020.8,850.8,99.7,0.0,99.7,11.9,0.6,1.6,3.2,83.7,37.0,2.8,-1.0,2.5,0.3,0.3,0.0,0.0,6.6,0.0,0.0,0.0,0.0,0.0
24,2026-03-08 00:00:00,4.0,29.9,-12.1,-0.4,0.0,0.0,0.0,3.0,1021.1,851.1,99.6,0.0,87.2,21.6,0.6,1.8,3.4,85.7,44.5,3.2,-0.5,2.4,0.3,0.3,0.0,0.0,6.9,0.0,0.0,0.0,0.0,0.0
25,2026-03-08 01:00:00,3.7,38.6,-9.1,-0.5,0.0,0.0,0.0,3.0,1021.4,851.2,99.5,0.0,62.9,34.2,0.5,2.0,3.6,89.8,49.0,3.9,-0.2,2.4,0.3,0.3,0.0,0.0,7.2,0.0,0.0,0.0,0.0,0.0
26,2026-03-08 02:00:00,3.5,46.4,-7.0,-0.6,0.0,0.0,0.0,3.0,1021.5,851.1,98.3,0.0,46.0,47.7,0.4,2.1,3.7,93.2,39.5,4.2,-0.3,2.4,0.3,0.3,0.0,0.0,7.4,0.0,0.0,0.0,0.0,0.0
27,2026-03-08 03:00:00,3.1,51.3,-6.1,-0.8,0.0,0.0,0.0,3.0,1021.4,850.8,97.8,0.0,43.5,66.6,0.4,1.9,3.5,85.0,37.8,4.1,-1.2,2.4,0.3,0.3,0.0,0.0,7.4,0.0,0.0,0.0,0.0,0.0
28,2026-03-08 04:00:00,2.6,53.3,-6.0,-1.1,0.0,0.0,0.0,3.0,1021.2,850.4,98.2,0.0,48.6,87.6,0.3,1.6,3.2,84.7,33.3,3.7,-2.5,2.4,0.3,0.3,0.0,0.0,7.4,0.0,0.0,0.0,0.0,0.0
29,2026-03-08 05:00:00,2.4,54.3,-5.9,-1.2,0.0,0.0,0.0,3.0,1021.2,850.3,97.9,0.0,56.8,98.7,0.3,1.4,3.2,80.4,25.4,3.5,-3.1,2.3,0.3,0.3,0.0,0.0,7.4,0.0,0.0,0.0,0.0,0.0
30,2026-03-08 06:00:00,2.7,52.4,-6.1,-1.0,0.0,0.0,0.0,3.0,1021.8,850.9,98.0,0.0,72.0,88.9,0.4,1.6,3.8,62.5,21.0,3.6,-2.7,2.3,0.3,0.3,0.0,0.0,7.6,0.0,0.0,0.0,0.0,0.0
31,2026-03-08 07:00:00,3.2,48.6,-6.6,-0.8,0.0,0.0,0.0,3.0,1022.6,851.9,98.3,0.0,90.3,69.2,0.4,2.0,4.7,53.2,18.0,3.8,-1.6,2.3,0.3,0.3,0.0,0.0,7.8,0.0,0.0,0.0,0.0,0.0
32,2026-03-08 08:00:00,4.0,44.7,-7.0,-0.2,0.0,0.0,0.0,3.0,1023.3,852.9,98.4,0.0,97.0,57.2,0.5,2.4,5.2,40.4,14.2,4.2,0.1,2.3,0.3,0.3,0.0,0.0,7.7,21.0,0.1,20.9,0.4,11.6
33,2026-03-08 09:00:00,5.2,39.7,-7.4,0.8,0.0,0.0,0.0,3.0,1024.0,854.1,98.0,0.0,78.6,60.8,0.5,2.5,4.9,10.7,7.5,4.9,3.0,2.3,0.3,0.3,0.0,0.0,7.1,108.5,15.1,93.5,69.2,108.5
34,2026-03-08 10:00:00,6.6,33.6,-8.3,2.0,0.0,0.0,0.0,3.0,1024.7,855.5,97.4,0.0,47.7,72.0,0.6,2.9,4.3,337.0,342.8,5.9,6.6,2.2,0.3,0.3,0.0,0.0,6.3,238.3,72.0,166.3,182.0,238.3
35,2026-03-08 11:00:00,7.6,28.6,-9.5,2.6,0.0,0.0,0.0,3.0,1025.1,856.4,97.0,0.0,32.2,81.5,0.7,3.3,4.1,325.2,331.7,6.9,9.3,2.5,0.3,0.3,0.0,0.0,5.6,355.8,138.8,217.0,255.5,355.8
36,2026-03-08 12:00:00,7.9,26.6,-10.2,2.7,0.0,0.0,0.0,3.0,1025.4,856.8,97.0,0.0,49.6,86.3,0.8,3.7,4.3,321.7,327.3,8.0,10.3,3.2,0.3,0.3,0.0,0.0,5.3,444.8,194.3,250.5,298.9,444.8
37,2026-03-08 13:00:00,7.7,25.6,-10.8,2.4,0.0,0.0,0.0,3.0,1025.5,856.8,97.0,0.0,81.5,89.1,0.8,3.8,4.7,321.8,326.1,9.1,10.4,4.2,0.3,0.3,0.0,0.0,5.2,487.7,222.3,265.4,313.5,487.7
38,2026-03-08 14:00:00,7.6,24.6,-11.5,2.2,0.0,0.0,0.0,3.0,1025.7,856.8,97.1,0.0,97.0,85.2,0.8,3.9,4.8,321.0,326.0,9.7,10.0,5.0,0.3,0.3,0.0,0.0,5.2,478.9,220.6,258.3,308.2,478.9
39,2026-03-08 15:00:00,7.5,23.7,-12.0,2.0,0.0,0.0,0.0,3.0,1026.0,857.0,97.1,0.0,78.6,70.7,0.8,4.0,5.0,319.1,324.1,9.5,9.3,5.4,0.3,0.3,0.0,0.0,4.9,417.2,187.0,230.3,279.0,417.2
40,2026-03-08 16:00:00,7.4,22.8,-12.6,1.9,0.0,0.0,0.0,3.0,1026.4,857.3,97.0,0.0,43.8,49.3,0.8,4.0,5.1,319.6,322.8,8.8,8.1,5.7,0.3,0.3,0.0,0.0,4.5,317.5,132.3,185.3,230.0,317.5
41,2026-03-08 17:00:00,6.7,22.8,-13.1,1.3,0.0,0.0,0.0,3.0,1027.0,857.4,97.0,0.0,15.8,30.9,0.8,3.6,4.7,321.0,325.1,7.9,6.1,5.5,0.3,0.3,0.0,0.0,4.2,190.6,63.5,127.2,145.1,190.6
42,2026-03-08 18:00:00,5.0,25.8,-13.1,0.3,0.0,0.0,0.0,2.0,1027.8,857.2,70.9,0.0,5.1,17.4,0.6,2.3,3.6,330.6,340.1,6.5,2.7,4.8,0.3,0.3,0.0,0.0,4.0,73.8,15.3,58.5,57.3,73.8
43,2026-03-08 19:00:00,2.6,30.7,-13.0,-1.5,0.0,0.0,0.0,1.0,1028.8,856.7,35.1,0.0,2.1,6.8,0.5,1.2,3.0,40.1,26.5,4.9,-1.4,3.8,0.3,0.3,0.0,0.0,3.8,0.0,0.0,0.0,0.0,0.0
44,2026-03-08 20:00:00,0.8,34.7,-13.0,-3.6,0.0,0.0,0.0,0.0,1029.7,856.5,9.0,0.0,0.1,0.0,0.4,1.8,3.2,89.7,57.8,3.8,-4.4,2.9,0.3,0.3,0.0,0.0,3.7,0.0,0.0,0.0,0.0,0.0
45,2026-03-08 21:00:00,0.1,35.7,-13.3,-4.5,0.0,0.0,0.0,0.0,1030.6,856.8,4.1,0.0,0.1,0.0,0.4,2.2,2.9,99.2,83.7,3.9,-5.3,2.6,0.3,0.3,0.0,0.0,3.7,0.0,0.0,0.0,0.0,0.0
46,2026-03-08 22:00:00,-0.0,35.8,-13.4,-4.7,0.0,0.0,0.0,0.0,1031.5,857.5,8.8,0.0,0.0,0.0,0.4,2.3,2.9,103.7,114.1,4.6,-5.0,2.5,0.3,0.3,0.0,0.0,3.8,0.0,0.0,0.0,0.0,0.0
47,2026-03-08 23:00:00,-0.1,34.9,-13.7,-4.7,0.0,0.0,0.0,0.0,1032.0,857.9,12.6,0.0,0.0,0.0,0.4,2.2,3.1,106.5,136.4,4.9,-4.7,2.4,0.3,0.3,0.0,0.0,3.8,0.0,0.0,0.0,0.0,0.0
48,2026-03-09 00:00:00,0.0,35.0,-13.7,-4.5,0.0,0.0,0.0,0.0,1032.1,858.0,8.7,0.0,3.9,0.0,0.4,1.9,3.1,109.1,147.0,4.4,-5.0,2.3,0.3,0.3,0.0,0.0,3.8,0.0,0.0,0.0,0.0,0.0
49,2026-03-09 01:00:00,0.3,35.0,-13.4,-4.0,0.0,0.0,0.0,0.0,1031.8,857.9,3.9,0.0,8.7,0.0,0.4,1.6,2.6,106.4,156.1,3.4,-5.3,2.3,0.3,0.3,0.0,0.0,3.8,0.0,0.0,0.0,0.0,0.0
50,2026-03-09 02:00:00,0.6,34.1,-13.5,-3.6,0.0,0.0,0.0,0.0,1031.4,857.8,0.0,0.0,11.6,0.0,0.4,1.3,2.5,110.6,164.7,2.8,-5.6,2.2,0.3,0.3,0.0,0.0,3.8,0.0,0.0,0.0,0.0,0.0
51,2026-03-09 03:00:00,0.8,32.2,-14.0,-3.5,0.0,0.0,0.0,0.0,1030.8,857.4,0.0,0.0,11.6,0.0,0.4,1.4,2.9,118.1,164.4,2.7,-5.8,2.2,0.3,0.3,0.0,0.0,3.8,0.0,0.0,0.0,0.0,0.0
52,2026-03-09 04:00:00,0.9,30.3,-14.7,-3.5,0.0,0.0,0.0,0.0,1030.0,856.8,0.0,0.0,10.6,0.0,0.5,1.6,3.4,125.3,161.3,2.9,-6.0,2.1,0.3,0.3,0.0,0.0,3.8,0.0,0.0,0.0,0.0,0.0
53,2026-03-09 05:00:00,1.1,28.4,-15.3,-3.5,0.0,0.0,0.0,0.0,1029.5,856.4,0.0,0.0,8.7,0.0,0.5,1.8,3.8,128.4,159.6,3.0,-5.9,2.1,0.3,0.3,0.0,0.0,3.8,0.0,0.0,0.0,0.0,0.0
54,2026-03-09 06:00:00,1.2,28.4,-15.2,-3.4,0.0,0.0,0.0,0.0,1029.3,856.3,0.0,0.0,5.8,0.0,0.5,1.8,3.7,125.9,157.7,2.7,-5.8,2.0,0.3,0.3,0.0,0.0,3.7,0.0,0.0,0.0,0.0,0.0
55,2026-03-09 07:00:00,1.4,28.4,-15.1,-3.1,0.0,0.0,0.0,0.0,1029.3,856.4,0.0,0.0,2.9,0.0,0.5,1.6,3.5,117.7,154.5,2.4,-5.4,1.9,0.3,0.3,0.0,0.0,3.6,0.0,0.0,0.0,0.0,0.0
56,2026-03-09 08:00:00,2.1,27.3,-14.9,-2.3,0.0,0.0,0.0,0.0,1029.1,856.7,0.0,0.0,0.0,0.0,0.5,1.5,3.4,124.5,155.4,2.7,-3.6,1.9,0.3,0.3,0.0,0.0,3.5,44.9,3.0,42.0,16.7,25.3
57,2026-03-09 09:00:00,4.0,25.3,-14.2,-0.5,0.0,0.0,0.0,0.0,1028.6,857.3,0.1,0.0,0.0,0.2,0.6,1.7,3.5,151.8,161.2,3.9,1.1,1.9,0.3,0.3,0.0,0.0,3.4,219.3,89.9,129.4,403.5,219.3
58,2026-03-09 10:00:00,6.4,22.2,-13.7,1.6,0.0,0.0,0.0,0.0,1027.9,858.1,0.3,0.0,0.0,0.4,0.8,2.4,3.7,173.8,170.0,5.8,7.3,1.9,0.3,0.3,0.0,0.0,3.3,455.2,296.9,158.4,739.8,455.2
59,2026-03-09 11:00:00,8.4,20.1,-13.2,3.4,0.0,0.0,0.0,0.0,1027.1,858.5,0.4,0.0,0.0,0.5,0.9,3.2,4.1,183.1,176.1,7.4,12.2,2.2,0.3,0.3,0.0,0.0,3.3,637.7,477.0,160.7,868.7,637.7
60,2026-03-09 12:00:00,9.5,21.0,-11.8,5.0,0.0,0.0,0.0,0.0,1026.0,858.2,0.3,0.0,0.1,0.4,0.9,3.7,4.5,187.1,180.2,8.2,14.6,2.7,0.3,0.3,0.0,0.0,3.5,740.0,578.1,161.9,881.2,740.0
61,2026-03-09 13:00:00,10.2,23.8,-9.6,6.1,0.0,0.0,0.0,0.0,1024.7,857.5,0.1,0.0,0.3,0.2,1.0,4.0,4.9,190.0,184.8,8.8,15.7,3.4,0.3,0.3,0.0,0.0,3.8,777.5,613.5,164.1,858.0,777.5
62,2026-03-09 14:00:00,10.6,26.7,-7.9,6.6,0.0,0.0,0.0,0.0,1023.7,856.8,0.0,0.0,0.4,0.0,0.9,4.1,5.1,195.2,190.2,9.1,15.7,4.1,0.3,0.3,0.0,0.0,4.0,766.8,610.2,156.7,845.4,766.8
63,2026-03-09 15:00:00,10.7,28.6,-6.9,6.7,0.0,0.0,0.0,0.0,1022.9,856.2,0.0,0.0,0.3,0.0,0.9,3.8,4.8,206.2,202.3,9.1,14.7,5.1,0.3,0.3,0.0,0.0,4.0,685.5,540.4,145.0,799.4,685.5
64,2026-03-09 16:00:00,10.6,29.5,-6.6,6.0,0.0,0.0,0.0,0.0,1022.3,855.6,0.0,0.0,0.2,0.0,0.9,3.6,4.5,221.7,218.9,8.8,12.7,6.2,0.3,0.3,0.0,0.0,4.0,528.7,395.2,133.5,680.4,528.7
65,2026-03-09 17:00:00,9.9,32.4,-5.9,5.4,0.0,0.0,0.0,0.0,1021.7,854.8,0.0,0.0,0.0,0.0,0.8,3.2,4.1,231.3,229.0,8.2,10.0,6.7,0.3,0.3,0.0,0.0,3.9,312.9,195.2,117.8,440.7,312.9
66,2026-03-09 18:00:00,8.2,37.4,-5.6,4.3,0.0,0.0,0.0,0.0,1021.4,853.6,0.4,0.0,0.0,0.0,0.7,1.9,3.3,223.3,220.6,7.0,6.0,6.2,0.3,0.3,0.0,0.0,3.8,116.7,47.5,69.2,175.0,116.7
67,2026-03-09 19:00:00,5.9,43.3,-5.7,2.5,0.0,0.0,0.0,0.0,1021.3,852.3,1.0,0.0,0.0,0.0,0.5,1.1,2.6,149.8,190.9,5.4,1.4,5.0,0.3,0.3,0.0,0.0,3.6,0.0,0.0,0.0,0.0,0.0
68,2026-03-09 20:00:00,4.3,47.3,-6.0,0.4,0.0,0.0,0.0,0.0,1021.2,851.4,1.3,0.0,0.0,0.0,0.4,2.0,2.6,112.8,167.1,4.2,-2.1,4.0,0.3,0.3,0.0,0.0,3.5,0.0,0.0,0.0,0.0,0.0
69,2026-03-09 21:00:00,4.0,46.3,-6.5,0.0,0.0,0.0,0.0,0.0,1021.0,851.0,1.0,0.0,0.0,0.0,0.4,2.0,2.5,112.1,168.6,3.8,-3.5,3.3,0.3,0.3,0.0,0.0,3.6,0.0,0.0,0.0,0.0,0.0
70,2026-03-09 22:00:00,4.4,42.5,-7.3,0.6,0.0,0.0,0.0,0.0,1020.7,851.0,0.4,0.0,0.0,0.0,0.5,1.6,2.3,119.5,181.7,3.9,-3.7,2.9,0.3,0.3,0.0,0.0,3.7,0.0,0.0,0.0,0.0,0.0
71,2026-03-09 23:00:00,4.7,39.6,-7.9,0.9,0.0,0.0,0.0,0.0,1020.4,850.9,0.0,0.0,0.0,0.0,0.5,1.3,2.3,128.6,195.8,3.8,-3.8,2.5,0.3,0.3,0.0,0.0,3.8,0.0,0.0,0.0,0.0,0.0
72,2026-03-10 00:00:00,4.6,40.6,-7.7,0.9,0.0,0.0,0.0,0.0,1020.0,850.5,0.1,0.0,0.0,0.1,0.5,1.2,2.3,135.2,207.8,3.6,-4.4,2.4,0.3,0.3,0.0,0.0,3.7,0.0,0.0,0.0,0.0,0.0
73,2026-03-10 01:00:00,4.4,42.6,-7.2,0.8,0.0,0.0,0.0,0.0,1019.6,850.1,0.1,0.0,0.0,0.3,0.5,1.1,2.4,144.8,220.0,3.4,-4.9,2.4,0.3,0.3,0.0,0.0,3.6,0.0,0.0,0.0,0.0,0.0
74,2026-03-10 02:00:00,4.2,43.7,-7.1,0.7,0.0,0.0,0.0,0.0,1019.1,849.6,0.2,0.0,0.0,0.3,0.5,1.0,2.2,141.2,228.7,3.3,-5.1,2.4,0.3,0.3,0.0,0.0,3.5,0.0,0.0,0.0,0.0,0.0
75,2026-03-10 03:00:00,4.1,43.8,-7.2,0.6,0.0,0.0,0.0,0.0,1018.5,849.0,0.2,0.0,0.4,0.3,0.5,1.0,1.2,112.8,235.7,3.5,-4.8,2.3,0.3,0.3,0.0,0.0,3.6,0.0,0.0,0.0,0.0,0.0
76,2026-03-10 04:00:00,4.1,41.9,-7.7,0.3,0.0,0.0,0.0,0.0,1017.8,848.4,0.3,0.0,1.0,0.1,0.5,1.3,0.5,85.4,350.5,3.9,-4.3,2.3,0.3,0.3,0.0,0.0,3.7,0.0,0.0,0.0,0.0,0.0
77,2026-03-10 05:00:00,4.1,41.0,-8.0,0.1,0.0,0.0,0.0,0.0,1017.3,848.0,0.4,0.0,1.5,0.0,0.5,1.7,1.5,73.7,33.0,4.3,-3.6,2.2,0.3,0.3,0.0,0.0,3.8,0.0,0.0,0.0,0.0,0.0
78,2026-03-10 06:00:00,4.0,40.1,-8.3,-0.1,0.0,0.0,0.0,0.0,1017.3,847.9,0.6,0.0,1.8,0.0,0.5,2.1,2.0,73.4,34.3,4.4,-3.3,2.2,0.3,0.3,0.0,0.0,3.8,0.0,0.0,0.0,0.0,0.0
79,2026-03-10 07:00:00,4.1,39.2,-8.6,-0.2,0.0,0.0,0.0,0.0,1017.3,848.0,0.7,0.0,2.1,0.0,0.5,2.2,2.2,77.2,37.2,4.4,-2.9,2.1,0.3,0.3,0.0,0.0,3.7,0.0,0.0,0.0,0.0,0.0
80,2026-03-10 08:00:00,4.8,37.2,-8.6,0.6,0.0,0.0,0.0,0.0,1017.4,848.5,0.8,0.0,2.2,0.0,0.5,2.1,2.2,73.6,31.7,4.7,-0.9,2.1,0.3,0.3,0.0,0.0,3.6,49.1,3.9,45.2,21.8,28.2
81,2026-03-10 09:00:00,6.8,31.2,-9.0,2.9,0.0,0.0,0.0,0.0,1017.5,849.6,0.6,0.0,1.9,0.0,0.7,1.5,2.2,51.7,18.3,5.7,3.9,2.0,0.3,0.3,0.0,0.0,3.5,226.1,94.9,131.2,416.3,226.1
82,2026-03-10 10:00:00,9.6,24.2,-10.0,5.5,0.0,0.0,0.0,0.0,1017.6,851.2,0.4,0.0,1.3,0.0,0.9,1.5,2.3,7.3,346.7,7.0,10.4,2.0,0.3,0.3,0.0,0.0,3.3,463.5,304.8,158.8,749.6,463.5
83,2026-03-10 11:00:00,11.7,18.1,-11.8,7.5,0.0,0.0,0.0,0.0,1017.5,852.2,0.2,0.0,0.9,0.0,1.1,2.0,2.6,329.9,332.8,8.0,15.4,2.5,0.3,0.3,0.0,0.0,3.1,645.7,484.8,160.8,874.8,645.7
84,2026-03-10 12:00:00,12.9,16.1,-12.3,9.0,0.0,0.0,0.0,1.0,1017.1,852.5,29.1,0.0,0.5,21.3,1.3,2.6,3.2,319.3,324.0,8.6,18.1,4.1,0.3,0.3,0.0,0.0,3.0,749.0,587.2,161.8,888.2,749.0
85,2026-03-10 13:00:00,13.6,15.1,-12.5,9.7,0.0,0.0,0.0,2.0,1016.3,852.2,68.7,0.0,0.2,49.3,1.3,3.1,3.9,315.8,318.9,8.9,19.5,6.2,0.3,0.3,0.0,0.0,3.0,783.5,618.8,164.7,859.6,783.5
86,2026-03-10 14:00:00,14.0,15.1,-12.2,10.1,0.0,0.0,0.0,3.0,1015.8,851.9,88.0,0.0,0.0,62.9,1.4,3.4,4.2,316.6,319.1,9.2,19.6,7.8,0.3,0.3,0.0,0.0,3.1,767.0,608.4,158.6,837.6,767.0
87,2026-03-10 15:00:00,14.3,15.0,-12.0,10.2,0.0,0.0,0.0,2.0,1015.4,851.8,64.8,0.0,1.0,45.5,1.4,3.3,4.1,323.4,325.5,9.6,18.4,8.7,0.3,0.3,0.0,0.0,3.3,681.2,533.7,147.5,784.5,681.2
88,2026-03-10 16:00:00,14.4,15.0,-12.0,9.6,0.0,0.0,0.0,1.0,1015.1,851.6,22.2,0.0,2.9,13.5,1.4,3.1,4.0,334.3,338.4,10.0,16.1,9.1,0.3,0.3,0.0,0.0,3.5,524.0,388.1,135.9,663.4,524.0
89,2026-03-10 17:00:00,13.6,16.0,-11.8,8.8,0.0,0.0,0.0,0.0,1015.0,851.1,0.0,0.0,3.9,0.0,1.3,2.8,3.7,347.6,351.5,10.2,12.9,9.0,0.3,0.3,0.0,0.0,3.7,312.7,193.4,119.3,432.9,312.7
90,2026-03-10 18:00:00,11.3,18.1,-12.1,6.9,0.0,0.0,0.0,1.0,1015.3,850.2,25.2,0.0,2.9,28.0,1.1,2.0,3.1,19.4,18.1,9.7,8.5,8.1,0.3,0.3,0.0,0.0,3.5,119.5,49.0,70.5,178.2,119.5
91,2026-03-10 19:00:00,8.2,22.2,-12.2,4.0,0.0,0.0,0.0,2.0,1015.8,848.9,70.8,0.0,1.0,72.5,0.8,1.5,2.7,60.5,41.5,8.9,3.2,6.6,0.3,0.3,0.0,0.0,3.4,0.0,0.0,0.0,0.0,0.0
92,2026-03-10 20:00:00,5.7,26.3,-12.2,1.3,0.0,0.0,0.0,3.0,1016.4,848.0,95.0,0.0,0.0,96.7,0.7,1.9,2.7,103.8,63.9,8.6,-0.7,5.3,0.3,0.3,0.0,0.0,3.3,0.0,0.0,0.0,0.0,0.0
93,2026-03-10 21:00:00,4.6,33.2,-10.3,0.2,0.0,0.0,0.0,2.0,1016.8,847.8,73.6,0.0,0.0,75.4,0.6,2.2,2.7,110.8,81.5,8.8,-2.1,4.4,0.3,0.3,0.0,0.0,3.3,0.0,0.0,0.0,0.0,0.0
94,2026-03-10 22:00:00,4.1,40.0,-8.3,-0.1,0.0,0.0,0.0,1.0,1017.3,848.0,31.9,0.0,0.0,31.9,0.5,2.1,2.8,111.1,98.5,9.5,-2.2,3.7,0.3,0.3,0.0,0.0,3.5,0.0,0.0,0.0,0.0,0.0
95,2026-03-10 23:00:00,3.9,44.9,-7.1,-0.3,0.0,0.0,0.0,0.0,1017.6,848.1,0.0,0.0,0.0,0.0,0.4,2.1,2.9,98.1,108.3,10.3,-2.2,3.2,0.3,0.3,0.0,0.0,3.5,0.0,0.0,0.0,0.0,0.0
96,2026-03-11 00:00:00,3.6,44.9,-7.3,-0.5,0.0,0.0,0.0,0.0,1017.8,848.1,0.6,0.0,0.0,0.6,0.4,2.1,2.9,98.5,110.9,11.4,-2.3,2.8,0.3,0.3,0.0,0.0,3.4,0.0,0.0,0.0,0.0,0.0
97,2026-03-11 01:00:00,3.6,42.9,-7.9,-0.6,0.0,0.0,0.0,0.0,1018.0,848.3,1.6,0.0,0.0,1.4,0.5,2.0,2.7,96.8,105.8,12.6,-2.3,2.7,0.3,0.3,0.0,0.0,3.3,0.0,0.0,0.0,0.0,0.0
98,2026-03-11 02:00:00,3.6,39.9,-8.8,-0.9,0.0,0.0,0.0,0.0,1018.1,848.3,2.1,0.0,0.0,1.9,0.5,2.4,3.3,97.8,102.2,13.5,-2.2,2.6,0.3,0.3,0.0,0.0,3.2,0.0,0.0,0.0,0.0,0.0
99,2026-03-11 03:00:00,3.6,38.0,-9.4,-1.5,0.0,0.0,0.0,0.0,1017.9,848.2,5.7,0.0,0.0,1.6,0.5,3.6,5.5,99.2,99.7,13.7,-1.8,2.5,0.3,0.3,0.0,0.0,3.2,0.0,0.0,0.0,0.0,0.0
100,2026-03-11 04:00:00,3.7,37.1,-9.6,-2.2,0.0,0.0,0.0,0.0,1017.5,847.9,10.8,0.0,0.0,0.9,0.5,5.2,8.4,99.7,99.1,13.5,-1.3,2.5,0.3,0.3,0.0,0.0,3.1,0.0,0.0,0.0,0.0,0.0
101,2026-03-11 05:00:00,3.9,35.2,-10.1,-2.7,0.0,0.0,0.0,0.0,1017.3,847.9,13.2,0.0,0.0,0.3,0.5,6.4,10.6,99.9,99.0,13.3,-0.8,2.5,0.3,0.3,0.0,0.0,3.1,0.0,0.0,0.0,0.0,0.0
102,2026-03-11 06:00:00,4.0,34.2,-10.4,-2.9,0.0,0.0,0.0,0.0,1017.6,848.2,10.0,0.0,0.0,0.3,0.5,6.9,11.4,99.2,98.8,13.2,-0.6,2.4,0.3,0.3,0.0,0.0,3.0,0.0,0.0,0.0,0.0,0.0
103,2026-03-11 07:00:00,4.2,34.2,-10.2,-2.7,0.0,0.0,0.0,0.0,1018.0,848.6,4.2,0.0,0.0,0.2,0.5,6.9,11.5,98.6,99.3,13.3,-0.4,2.3,0.3,0.3,0.0,0.0,3.0,0.0,0.0,0.0,0.0,0.0
104,2026-03-11 08:00:00,5.1,32.1,-10.2,-1.9,0.0,0.0,0.0,0.0,1018.3,849.4,0.2,0.0,0.0,0.1,0.6,7.1,11.4,99.5,100.0,13.2,1.1,2.5,0.3,0.3,0.0,0.0,2.9,53.3,4.9,48.4,27.3,31.2
105,2026-03-11 09:00:00,7.3,27.2,-10.5,0.1,0.0,0.0,0.0,0.0,1018.3,850.6,1.2,0.0,0.0,6.9,0.7,7.3,11.3,102.2,102.1,13.1,4.8,3.0,0.3,0.3,0.0,0.0,2.9,231.7,98.9,132.8,424.1,231.7
106,2026-03-11 10:00:00,10.1,21.2,-11.2,2.7,0.0,0.0,0.0,0.0,1018.2,852.0,4.0,0.0,0.0,17.6,1.0,7.7,11.1,106.0,105.1,12.9,9.7,3.8,0.3,0.3,0.0,0.0,2.9,472.4,313.3,159.1,760.8,472.4
107,2026-03-11 11:00:00,12.4,17.2,-11.9,4.9,0.0,0.0,0.0,0.0,1017.7,852.7,9.8,0.0,0.1,30.3,1.2,8.1,11.2,108.0,107.1,13.2,13.5,4.8,0.3,0.3,0.0,0.0,2.9,655.4,494.7,160.7,884.2,655.4
108,2026-03-11 12:00:00,13.6,15.1,-12.5,6.4,0.0,0.0,0.0,1.0,1016.7,852.5,19.8,0.0,0.0,48.0,1.3,8.5,11.5,107.3,107.2,14.5,15.8,6.0,0.3,0.3,0.0,0.0,2.9,757.4,595.7,161.7,894.3,757.4
109,2026-03-11 13:00:00,14.2,15.1,-12.0,7.2,0.0,0.0,0.0,1.0,1015.5,851.8,30.9,0.0,0.0,67.7,1.4,8.8,11.9,106.0,106.3,16.4,17.2,7.4,0.3,0.3,0.0,0.0,2.8,794.7,630.8,163.9,870.5,794.7
110,2026-03-11 14:00:00,14.4,15.0,-11.9,7.2,0.0,0.0,0.0,1.0,1014.4,851.0,40.0,0.0,0.0,83.6,1.4,9.2,12.6,104.3,104.8,17.3,17.3,8.5,0.3,0.3,0.0,0.0,2.8,784.6,628.3,156.3,859.6,784.6
111,2026-03-11 15:00:00,14.0,16.9,-10.8,6.4,0.0,0.0,0.0,1.0,1013.7,850.2,44.5,0.0,0.0,95.9,1.3,9.7,13.8,102.3,103.1,16.1,16.0,8.9,0.3,0.3,0.0,0.0,2.7,704.7,560.4,144.3,818.4,704.7
112,2026-03-11 16:00:00,13.1,18.8,-10.2,4.7,0.0,0.0,0.0,1.0,1013.1,849.3,46.1,0.0,0.0,99.5,1.2,10.3,15.1,100.4,101.3,13.9,13.5,9.0,0.3,0.3,0.0,0.0,2.6,547.2,414.5,132.7,703.7,547.2
113,2026-03-11 17:00:00,12.2,20.7,-9.8,3.1,0.0,0.0,0.0,1.0,1012.7,848.4,42.6,0.0,0.0,99.9,1.1,11.1,16.7,98.8,100.1,12.7,11.0,8.8,0.3,0.3,0.0,0.0,2.6,327.0,209.1,117.9,464.0,327.0
114,2026-03-11 18:00:00,11.1,21.7,-10.1,1.6,0.0,0.0,0.0,1.0,1012.5,847.7,26.8,0.0,0.0,70.5,1.0,11.9,18.3,98.4,100.0,13.9,8.7,8.2,0.3,0.3,0.0,0.0,2.6,124.8,53.0,71.8,190.3,124.8
115,2026-03-11 19:00:00,10.1,22.7,-10.3,-0.0,0.0,0.0,0.0,0.0,1012.6,847.2,6.9,0.0,0.0,29.2,1.0,12.9,20.1,98.3,99.9,16.1,6.5,7.3,0.3,0.3,0.0,0.0,2.7,0.0,0.0,0.0,0.0,0.0
116,2026-03-11 20:00:00,9.2,23.8,-10.4,-1.2,0.0,0.0,0.0,0.0,1012.7,846.8,1.8,0.0,0.0,1.7,0.9,13.5,21.1,98.9,100.8,17.7,4.9,6.5,0.3,0.3,0.0,0.0,2.8,0.0,0.0,0.0,0.0,0.0
117,2026-03-11 21:00:00,8.9,24.0,-10.6,-1.3,0.0,0.0,0.0,1.0,1013.0,846.9,25.5,0.0,0.0,2.1,0.9,13.1,20.8,100.4,102.5,17.6,4.2,6.0,0.3,0.3,0.0,0.0,2.9,0.0,0.0,0.0,0.0,0.0
118,2026-03-11 22:00:00,8.7,24.2,-10.7,-1.1,0.0,0.0,0.0,2.0,1013.3,847.1,64.9,0.0,0.0,16.4,0.9,12.4,19.7,103.1,105.1,16.9,4.2,5.7,0.3,0.3,0.0,0.0,3.0,0.0,0.0,0.0,0.0,0.0
119,2026-03-11 23:00:00,8.6,26.3,-9.7,-0.8,0.0,0.0,0.0,3.0,1013.5,847.3,93.2,0.0,0.0,34.1,0.8,11.7,18.8,105.7,107.9,17.1,4.2,5.4,0.3,0.3,0.0,0.0,3.2,0.0,0.0,0.0,0.0,0.0
120,2026-03-12 00:00:00,8.3,30.2,-8.2,-0.9,0.0,0.0,0.0,3.0,1013.4,847.0,99.1,0.0,0.0,55.6,0.8,11.6,18.5,108.0,110.5,19.5,4.0,5.2,0.3,0.3,0.0,0.0,3.4,0.0,0.0,0.0,0.0,0.0
121,2026-03-12 01:00:00,7.9,36.0,-6.2,-1.1,0.0,0.0,0.0,3.0,1013.2,846.6,95.8,0.0,0.0,80.6,0.7,11.6,18.6,109.5,112.9,22.7,3.7,5.1,0.3,0.3,0.0,0.0,3.7,0.0,0.0,0.0,0.0,0.0
122,2026-03-12 02:00:00,7.6,40.8,-4.8,-1.2,0.0,0.0,0.0,3.0,1012.9,846.2,92.8,0.0,0.0,97.2,0.6,11.6,18.5,110.6,114.9,24.1,3.5,5.0,0.3,0.3,0.0,0.0,4.1,0.0,0.0,0.0,0.0,0.0
123,2026-03-12 03:00:00,7.3,44.7,-3.9,-1.3,0.0,0.0,0.0,3.0,1012.5,845.7,95.7,0.0,0.0,97.3,0.6,11.5,18.3,111.4,116.2,22.2,3.3,4.9,0.3,0.3,0.0,0.0,4.6,0.0,0.0,0.0,0.0,0.0
124,2026-03-12 04:00:00,7.0,47.6,-3.4,-1.5,0.0,0.0,0.0,3.0,1011.9,845.1,96.7,0.0,0.0,93.9,0.5,11.4,18.0,112.0,117.4,18.5,3.1,4.9,0.3,0.3,0.0,0.0,5.2,0.0,0.0,0.0,0.0,0.0
125,2026-03-12 05:00:00,6.8,50.5,-2.7,-1.6,0.0,0.0,0.0,3.0,1011.6,844.7,96.7,0.0,0.0,89.6,0.5,11.3,17.8,112.2,117.7,16.0,3.0,4.8,0.3,0.3,0.0,0.0,5.6,0.0,0.0,0.0,0.0,0.0
126,2026-03-12 06:00:00,6.6,55.4,-1.7,-1.8,0.0,0.0,0.0,3.0,1011.5,844.5,88.6,0.0,0.0,94.0,0.4,11.4,18.0,111.2,116.8,16.3,2.9,4.7,0.3,0.3,0.0,0.0,6.2,0.0,0.0,0.0,0.0,0.0
127,2026-03-12 07:00:00,6.4,60.2,-0.8,-1.9,0.0,0.0,0.0,2.0,1011.7,844.6,76.8,0.0,0.0,99.3,0.4,11.6,18.2,110.0,115.8,17.9,3.0,4.6,0.3,0.3,0.0,0.0,6.6,0.0,0.0,0.0,0.0,0.0
128,2026-03-12 08:00:00,6.6,63.1,0.0,-1.6,0.0,0.0,0.0,2.0,1011.9,844.8,66.8,0.0,0.0,99.7,0.4,11.7,18.2,110.0,115.3,18.8,3.7,4.7,0.3,0.3,0.0,0.0,7.1,42.3,1.4,40.9,8.0,25.2
129,2026-03-12 09:00:00,7.4,63.0,0.8,-0.7,0.0,0.0,0.0,2.0,1012.3,845.6,61.4,0.0,0.0,86.2,0.4,11.5,17.6,112.0,116.4,18.2,5.8,5.0,0.3,0.3,0.0,0.0,7.7,180.3,53.4,126.8,223.9,180.3
130,2026-03-12 10:00:00,8.6,60.0,1.2,0.8,0.0,0.0,0.0,2.0,1012.9,846.7,57.7,0.0,0.1,65.9,0.4,11.2,16.6,115.6,118.6,17.1,8.5,5.6,0.3,0.3,0.0,0.0,8.5,358.9,181.4,177.5,435.0,358.9
131,2026-03-12 11:00:00,9.8,58.0,1.8,2.3,0.0,0.0,0.0,2.0,1013.0,847.4,59.6,0.0,0.1,46.6,0.5,10.8,15.6,121.0,123.2,16.2,10.8,6.3,0.3,0.3,0.0,0.0,9.0,497.5,293.2,204.3,519.5,497.5
132,2026-03-12 12:00:00,11.1,56.1,2.6,3.8,0.0,0.0,0.0,2.0,1012.3,847.5,70.9,0.0,15.6,26.7,0.6,10.8,15.4,132.3,133.4,16.3,12.7,7.2,0.3,0.3,0.0,0.0,9.4,572.5,342.0,230.6,509.8,572.5
133,2026-03-12 13:00:00,12.6,55.1,3.7,5.3,0.0,0.0,0.0,3.0,1011.2,847.4,86.8,0.0,35.9,8.5,0.7,11.2,15.9,145.4,146.1,16.9,14.1,8.2,0.3,0.3,0.0,0.0,9.6,583.8,331.6,252.1,454.9,583.8
134,2026-03-12 14:00:00,12.9,52.2,3.3,5.8,0.0,0.0,0.0,3.0,1011.2,847.5,98.1,0.0,47.7,1.3,0.7,10.6,14.7,154.3,154.8,16.7,14.3,8.8,0.3,0.3,0.0,0.0,9.6,523.5,263.1,260.4,357.9,523.5
135,2026-03-12 15:00:00,11.2,47.5,0.4,5.6,0.0,0.0,0.0,3.0,1013.2,848.3,98.5,0.0,42.3,15.2,0.7,6.7,9.1,160.7,161.8,15.3,12.4,8.8,0.3,0.3,0.0,0.0,9.1,409.8,168.5,241.3,244.6,409.8
136,2026-03-12 16:00:00,8.4,42.8,-3.6,4.9,0.0,0.0,0.0,3.0,1016.2,849.3,94.5,0.0,28.4,40.9,0.6,1.6,2.0,196.5,221.1,13.3,9.1,8.4,0.3,0.3,0.0,0.0,8.3,294.7,102.7,192.0,173.0,294.7
137,2026-03-12 17:00:00,6.1,38.9,-6.9,1.5,0.0,0.0,0.0,3.0,1018.7,850.2,91.2,0.0,16.1,63.7,0.6,3.1,5.4,312.9,315.2,11.4,6.1,7.9,0.3,0.3,0.0,0.0,7.8,193.8,62.0,131.7,136.4,193.8
138,2026-03-12 18:00:00,5.1,38.9,-7.8,0.1,0.0,0.0,0.0,3.0,1019.9,850.6,93.1,0.0,9.3,79.4,0.5,3.7,6.6,321.5,321.6,10.1,3.8,7.4,0.3,0.3,0.0,0.0,7.8,94.0,26.1,67.9,92.2,94.0
139,2026-03-12 19:00:00,4.5,39.9,-8.0,0.1,0.0,0.0,0.0,3.0,1020.4,850.7,96.9,0.0,4.2,91.2,0.5,2.7,5.7,329.9,325.2,9.0,1.7,6.8,0.3,0.3,0.0,0.0,8.1,0.1,0.0,0.0,0.1,0.1
140,2026-03-12 20:00:00,4.0,40.8,-8.1,-0.1,0.0,0.0,0.0,3.0,1021.1,851.0,99.8,0.0,1.1,100.0,0.5,1.9,4.7,343.0,329.8,7.9,-0.0,6.2,0.3,0.3,0.0,0.0,8.1,0.0,0.0,0.0,0.0,0.0
141,2026-03-12 21:00:00,3.3,40.7,-8.8,-0.7,0.0,0.0,0.0,3.0,1022.1,851.5,99.8,0.0,1.0,100.0,0.5,1.7,4.5,351.1,332.3,6.9,-1.2,5.6,0.3,0.3,0.0,0.0,8.0,0.0,0.0,0.0,0.0,0.0
142,2026-03-12 22:00:00,2.6,41.6,-9.2,-1.5,0.0,0.0,0.0,3.0,1023.2,852.0,99.8,0.0,0.9,99.9,0.4,1.6,4.3,353.7,333.7,6.1,-2.2,5.0,0.3,0.3,0.0,0.0,7.7,0.0,0.0,0.0,0.0,0.0
143,2026-03-12 23:00:00,1.9,41.6,-9.8,-2.2,0.0,0.0,0.0,3.0,1024.3,852.5,99.9,0.0,0.8,99.9,0.4,1.6,4.1,356.6,335.2,5.4,-2.9,4.4,0.3,0.3,0.0,0.0,7.5,0.0,0.0,0.0,0.0,0.0
144,2026-03-13 00:00:00,1.2,41.5,-10.4,-2.9,0.0,0.0,0.0,3.0,1025.3,853.0,99.9,0.0,0.8,99.9,0.4,1.6,3.8,11.3,336.1,4.9,-3.5,3.8,0.3,0.3,0.0,0.0,7.4,0.0,0.0,0.0,0.0,0.0
145,2026-03-13 01:00:00,0.6,41.5,-11.0,-3.5,0.0,0.0,0.0,3.0,1026.3,853.5,100.0,0.0,0.8,99.9,0.4,1.5,3.6,10.9,339.0,4.5,-3.9,3.2,0.3,0.3,0.0,0.0,7.2,0.0,0.0,0.0,0.0,0.0
146,2026-03-13 02:00:00,0.1,41.5,-11.4,-4.1,0.0,0.0,0.0,3.0,1027.2,853.9,100.0,0.0,0.8,99.8,0.4,1.6,3.6,10.1,341.2,4.3,-4.2,2.8,0.3,0.3,0.0,0.0,7.1,0.0,0.0,0.0,0.0,0.0
147,2026-03-13 03:00:00,-0.3,40.6,-12.1,-4.6,0.0,0.0,0.0,3.0,1027.9,854.3,100.0,0.0,8.7,99.8,0.4,1.8,3.8,9.3,344.4,4.3,-4.4,2.5,0.3,0.3,0.0,0.0,7.2,0.0,0.0,0.0,0.0,0.0
148,2026-03-13 04:00:00,-0.6,38.8,-12.9,-5.2,0.0,0.0,0.0,3.0,1028.5,854.6,100.0,0.0,20.6,99.8,0.4,2.2,4.3,10.8,347.2,4.6,-4.5,2.3,0.3,0.3,0.0,0.0,7.5,0.0,0.0,0.0,0.0,0.0
149,2026-03-13 05:00:00,-0.8,37.0,-13.7,-5.6,0.0,0.0,0.0,3.0,1029.0,855.0,100.0,0.0,31.4,99.8,0.4,2.5,4.7,9.6,349.5,4.8,-4.3,2.3,0.3,0.3,0.0,0.0,7.8,0.0,0.0,0.0,0.0,0.0
150,2026-03-13 06:00:00,-0.9,35.2,-14.4,-5.9,0.0,0.0,0.0,3.0,1029.4,855.2,100.0,0.0,42.3,99.8,0.4,2.9,5.2,8.4,350.4,5.3,-4.0,2.3,0.3,0.3,0.0,0.0,8.1,0.0,0.0,0.0,0.0,0.0
151,2026-03-13 07:00:00,-0.8,33.3,-15.0,-6.0,0.0,0.0,0.0,3.0,1029.7,855.5,100.0,0.0,53.1,99.8,0.4,3.1,5.7,6.1,351.0,5.8,-3.5,2.3,0.3,0.3,0.0,0.0,8.5,0.0,0.0,0.0,0.0,0.0
152,2026-03-13 08:00:00,-0.5,31.4,-15.4,-5.9,0.0,0.0,0.0,3.0,1029.7,855.7,100.0,0.0,60.0,99.9,0.4,3.5,6.1,350.9,350.2,6.4,-2.3,2.5,0.3,0.3,0.0,0.0,8.7,30.5,0.0,30.5,0.0,18.5
153,2026-03-13 09:00:00,0.4,29.5,-15.5,-5.2,0.1,0.0,0.1,71.0,1029.3,855.9,95.1,0.0,60.9,84.9,0.4,3.8,6.3,347.4,348.1,7.2,-0.1,3.1,0.3,0.3,0.0,0.0,8.8,113.5,14.9,98.6,61.2,113.5
154,2026-03-13 10:00:00,1.5,27.5,-15.3,-4.3,0.1,0.0,0.1,71.0,1028.7,856.0,89.3,0.0,58.8,64.0,0.5,4.2,6.4,343.4,346.7,8.0,2.6,3.7,0.3,0.3,0.0,0.0,8.7,234.0,62.6,171.4,148.3,234.0
155,2026-03-13 11:00:00,2.6,26.5,-14.8,-3.4,0.1,0.0,0.1,71.0,1028.0,856.1,83.5,0.0,55.7,44.1,0.5,4.6,6.5,339.9,344.0,8.8,5.2,4.4,0.3,0.3,0.0,0.0,8.7,372.3,144.6,227.7,253.7,372.3
156,2026-03-13 12:00:00,3.7,25.4,-14.4,-2.4,0.1,0.0,0.1,71.0,1027.4,856.1,77.7,0.0,52.6,25.2,0.6,4.9,6.6,337.5,341.2,9.6,7.6,5.0,0.3,0.3,0.0,0.0,8.6,509.8,257.1,252.7,380.2,509.8
157,2026-03-13 13:00:00,4.7,23.4,-14.5,-1.3,0.1,0.0,0.1,71.0,1026.8,856.2,72.8,0.0,50.5,8.3,0.7,5.1,6.6,335.3,338.1,10.3,9.9,5.6,0.3,0.3,0.0,0.0,8.6,595.4,345.2,250.2,469.9,595.4
158,2026-03-13 14:00:00,5.3,23.4,-14.0,-0.6,0.1,0.0,0.1,71.0,1026.4,856.2,70.9,0.0,50.3,0.3,0.7,5.2,6.5,333.4,337.1,10.9,11.0,6.0,0.3,0.3,0.0,0.0,8.5,595.8,358.4,237.4,484.0,595.8
159,2026-03-13 15:00:00,5.2,24.4,-13.6,-0.9,0.0,0.0,0.0,2.0,1026.5,856.2,72.8,0.0,56.0,8.3,0.7,5.1,6.4,333.8,338.3,11.3,10.2,6.1,0.3,0.3,0.0,0.0,8.5,526.0,312.4,213.7,450.3,526.0
160,2026-03-13 16:00:00,4.7,25.4,-13.5,-1.3,0.0,0.0,0.0,2.0,1026.8,856.2,77.7,0.0,64.7,25.3,0.6,4.8,6.2,334.5,341.6,11.5,8.3,5.9,0.3,0.3,0.0,0.0,8.6,416.3,240.0,176.3,401.6,416.3
161,2026-03-13 17:00:00,4.1,27.4,-13.1,-1.7,0.0,0.0,0.0,3.0,1027.2,856.2,83.5,0.0,73.4,44.2,0.6,4.4,6.0,335.7,343.2,11.6,6.2,5.6,0.3,0.3,0.0,0.0,8.6,281.7,151.2,130.4,330.0,281.7
162,2026-03-13 18:00:00,3.4,29.4,-12.9,-2.2,0.0,0.0,0.0,3.0,1027.6,856.1,89.3,0.0,82.1,64.2,0.6,4.1,5.9,337.2,345.7,11.6,3.9,5.3,0.3,0.3,0.0,0.0,8.6,135.2,61.0,74.2,213.4,135.2
163,2026-03-13 19:00:00,2.5,31.4,-12.8,-2.9,0.0,0.0,0.0,3.0,1028.1,856.1,95.1,0.0,90.8,85.1,0.5,3.7,5.8,339.6,349.9,11.5,1.4,4.9,0.3,0.3,0.0,0.0,8.7,0.0,0.0,0.0,0.0,0.0
164,2026-03-13 20:00:00,1.8,32.4,-13.0,-3.4,0.0,0.0,0.0,3.0,1028.5,856.0,100.0,0.0,97.6,100.0,0.5,3.4,5.8,343.0,3.6,11.1,-0.6,4.5,0.3,0.3,0.0,0.0,8.6,0.0,0.0,0.0,0.0,0.0
165,2026-03-13 21:00:00,1.4,33.5,-13.0,-3.7,0.0,0.0,0.0,3.0,1028.8,856.0,100.0,0.0,97.6,100.0,0.4,3.1,5.6,343.8,350.6,10.4,-1.7,4.1,0.3,0.3,0.0,0.0,8.4,0.0,0.0,0.0,0.0,0.0
166,2026-03-13 22:00:00,1.0,33.6,-13.3,-4.0,0.0,0.0,0.0,3.0,1028.9,855.9,100.0,0.0,97.6,99.8,0.4,2.9,5.4,345.1,348.5,9.6,-2.3,3.8,0.3,0.3,0.0,0.0,8.2,0.0,0.0,0.0,0.0,0.0
167,2026-03-13 23:00:00,0.7,33.6,-13.6,-4.2,0.0,0.0,0.0,3.0,1029.1,855.9,100.0,0.0,97.6,99.6,0.4,2.7,5.2,344.6,345.2,8.8,-2.8,3.5,0.3,0.3,0.0,0.0,7.9,0.0,0.0,0.0,0.0,0.0
168,2026-03-14 00:00:00,0.4,33.7,-13.8,-4.4,0.0,0.0,0.0,3.0,1029.3,855.9,100.0,0.0,97.7,97.4,0.4,2.5,5.0,344.0,341.6,7.9,-3.1,3.2,0.3,0.3,0.0,0.0,7.6,0.0,0.0,0.0,0.0,0.0
169,2026-03-14 01:00:00,0.2,33.8,-14.0,-4.5,0.0,0.0,0.0,3.0,1029.5,855.9,100.0,0.0,97.8,94.2,0.4,2.3,4.8,343.2,338.9,7.0,-3.2,2.9,0.3,0.3,0.0,0.0,7.3,0.0,0.0,0.0,0.0,0.0
170,2026-03-14 02:00:00,-0.0,33.8,-14.2,-4.6,0.0,0.0,0.0,3.0,1029.6,855.9,100.0,0.0,97.9,93.1,0.4,2.1,4.7,342.3,336.1,6.3,-3.3,2.6,0.3,0.3,0.0,0.0,7.1,0.0,0.0,0.0,0.0,0.0
171,2026-03-14 03:00:00,-0.2,33.8,-14.3,-4.7,0.0,0.0,0.0,3.0,1029.7,855.9,100.0,0.0,98.2,94.1,0.4,2.0,4.4,341.6,336.7,5.9,-3.5,2.4,0.3,0.3,0.0,0.0,7.0,0.0,0.0,0.0,0.0,0.0
172,2026-03-14 04:00:00,-0.3,33.9,-14.4,-4.9,0.0,0.0,0.0,3.0,1029.8,855.9,100.0,0.0,98.5,96.3,0.4,2.0,4.3,340.9,337.5,5.6,-3.5,2.3,0.3,0.3,0.0,0.0,6.9,0.0,0.0,0.0,0.0,0.0
173,2026-03-14 05:00:00,-0.4,33.9,-14.5,-5.0,0.0,0.0,0.0,3.0,1029.8,855.9,100.0,0.0,98.8,98.4,0.4,2.0,4.1,351.2,339.5,5.5,-3.4,2.2,0.3,0.3,0.0,0.0,6.9,0.0,0.0,0.0,0.0,0.0
174,2026-03-14 06:00:00,-0.4,33.8,-14.5,-4.9,0.0,0.0,0.0,3.0,1029.8,855.9,100.0,0.0,99.1,99.5,0.4,2.0,3.9,350.8,341.7,5.5,-3.2,2.2,0.3,0.3,0.0,0.0,6.8,0.0,0.0,0.0,0.0,0.0
175,2026-03-14 07:00:00,-0.3,33.8,-14.4,-4.9,0.0,0.0,0.0,3.0,1029.7,855.8,100.0,0.0,99.5,99.7,0.4,2.1,3.7,348.6,343.1,5.6,-2.7,2.2,0.3,0.3,0.0,0.0,6.8,0.0,0.0,0.0,0.0,0.0
176,2026-03-14 08:00:00,0.1,32.8,-14.4,-4.6,0.0,0.0,0.0,3.0,1029.5,855.9,100.0,0.0,99.7,99.7,0.4,2.2,3.6,347.0,344.4,5.8,-1.7,2.4,0.3,0.3,0.0,0.0,6.7,22.2,0.0,22.2,0.0,13.7
177,2026-03-14 09:00:00,0.8,31.6,-14.2,-3.9,0.0,0.0,0.0,3.0,1029.1,855.9,95.1,0.0,96.9,96.5,0.4,2.3,3.6,333.4,341.4,6.2,0.4,2.9,0.3,0.3,0.0,0.0,6.6,95.3,8.7,86.6,35.0,95.3
178,2026-03-14 10:00:00,1.8,29.5,-14.2,-3.1,0.0,0.0,0.0,3.0,1028.5,856.0,88.4,0.0,92.1,91.2,0.5,2.6,3.6,329.4,338.6,6.7,3.0,3.5,0.3,0.3,0.0,0.0,6.4,207.0,44.2,162.8,103.4,207.0
179,2026-03-14 11:00:00,2.7,28.3,-13.9,-2.3,0.0,0.0,0.0,3.0,1027.9,856.0,80.7,0.0,87.3,84.9,0.5,2.8,3.7,326.8,334.4,7.2,5.4,4.0,0.3,0.3,0.0,0.0,6.3,341.0,112.5,228.4,195.8,341.0
180,2026-03-14 12:00:00,3.6,27.2,-13.7,-1.5,0.0,0.0,0.0,2.0,1027.3,856.0,72.9,0.0,82.5,78.6,0.6,3.0,3.8,324.3,331.6,7.7,7.6,4.6,0.3,0.3,0.0,0.0,6.2,478.2,214.8,263.4,315.5,478.2
181,2026-03-14 13:00:00,4.3,26.0,-13.5,-0.8,0.0,0.0,0.0,2.0,1026.8,856.0,63.3,0.0,76.6,71.3,0.6,3.2,3.8,322.2,328.4,8.2,9.6,5.2,0.3,0.3,0.0,0.0,6.0,572.9,309.7,263.2,419.2,572.9
182,2026-03-14 14:00:00,4.7,26.8,-12.8,-0.1,0.0,0.0,0.0,2.0,1026.4,855.8,54.4,0.0,69.8,64.1,0.6,3.2,3.8,322.1,328.4,8.5,10.4,5.5,0.3,0.3,0.0,0.0,5.9,591.5,347.8,243.6,467.2,591.5
183,2026-03-14 15:00:00,4.4,29.7,-11.9,-0.4,0.0,0.0,0.0,1.0,1026.3,855.6,45.3,0.0,62.8,56.4,0.6,2.9,3.6,325.3,332.2,8.6,9.1,5.5,0.3,0.3,0.0,0.0,5.9,542.8,331.9,210.9,475.9,542.8
184,2026-03-14 16:00:00,3.6,33.6,-11.0,-0.9,0.0,0.0,0.0,1.0,1026.5,855.4,35.1,0.0,54.6,49.6,0.5,2.3,3.4,331.6,341.6,8.5,6.6,5.3,0.3,0.3,0.0,0.0,5.9,447.4,278.5,168.9,463.4,447.4
185,2026-03-14 17:00:00,2.8,37.5,-10.4,-1.5,0.0,0.0,0.0,1.0,1026.7,855.1,25.9,0.0,46.4,41.8,0.5,1.8,3.2,341.9,349.7,8.3,3.8,5.0,0.3,0.3,0.0,0.0,5.9,315.2,190.0,125.1,411.5,315.2
186,2026-03-14 18:00:00,1.9,41.4,-10.0,-2.1,0.0,0.0,0.0,0.0,1026.9,854.7,16.6,0.0,38.2,34.9,0.4,1.4,3.0,10.8,12.8,8.1,1.0,4.7,0.3,0.3,0.0,0.0,5.9,159.5,84.6,74.9,292.3,159.5
187,2026-03-14 19:00:00,0.9,46.2,-9.4,-2.9,0.0,0.0,0.0,0.0,1027.1,854.3,8.3,0.0,31.0,27.1,0.4,1.3,2.8,40.4,23.5,7.8,-2.0,4.3,0.3,0.3,0.0,0.0,5.9,0.1,0.0,0.0,0.2,0.1
188,2026-03-14 20:00:00,0.2,49.2,-9.3,-3.7,0.0,0.0,0.0,0.0,1027.2,854.0,2.1,0.0,23.8,21.3,0.3,1.3,2.6,64.3,38.3,7.4,-4.3,4.0,0.3,0.3,0.0,0.0,5.8,0.0,0.0,0.0,0.0,0.0
189,2026-03-14 21:00:00,-0.1,51.2,-9.1,-4.1,0.0,0.0,0.0,0.0,1027.0,853.7,0.0,0.0,17.7,16.4,0.3,1.5,2.1,81.3,60.1,7.1,-5.3,3.7,0.3,0.3,0.0,0.0,5.5,0.0,0.0,0.0,0.0,0.0
190,2026-03-14 22:00:00,-0.2,51.2,-9.1,-4.2,0.0,0.0,0.0,0.0,1026.7,853.4,0.0,0.0,12.7,11.6,0.3,1.7,2.0,91.9,95.3,6.6,-5.6,3.4,0.3,0.3,0.0,0.0,5.3,0.0,0.0,0.0,0.0,0.0
191,2026-03-14 23:00:00,-0.2,51.3,-9.1,-4.3,0.0,0.0,0.0,0.0,1026.5,853.2,0.0,0.0,8.7,7.7,0.3,1.8,2.6,100.3,120.6,6.2,-5.6,3.2,0.3,0.3,0.0,0.0,5.1,0.0,0.0,0.0,0.0,0.0
192,2026-03-15 00:00:00,-0.1,51.3,-9.0,-4.3,0.0,0.0,0.0,0.0,1026.1,852.9,0.0,0.0,4.9,4.8,0.3,2.0,3.4,104.9,134.6,5.8,-5.5,2.9,0.3,0.3,0.0,0.0,4.9,0.0,0.0,0.0,0.0,0.0
193,2026-03-15 01:00:00,-0.0,50.4,-9.2,-4.3,0.0,0.0,0.0,0.0,1025.7,852.7,0.0,0.0,1.9,1.9,0.3,2.1,4.2,109.2,142.3,5.4,-5.1,2.7,0.3,0.3,0.0,0.0,4.6,0.0,0.0,0.0,0.0,0.0
194,2026-03-15 02:00:00,0.0,49.4,-9.4,-4.4,0.0,0.0,0.0,0.0,1025.4,852.5,0.0,0.0,0.0,0.0,0.3,2.2,4.5,110.5,143.2,5.2,-4.8,2.5,0.3,0.3,0.0,0.0,4.5,0.0,0.0,0.0,0.0,0.0
195,2026-03-15 03:00:00,-0.1,49.4,-9.5,-4.6,0.0,0.0,0.0,0.0,1025.2,852.2,0.4,0.0,0.4,0.0,0.3,2.4,4.2,106.7,136.6,5.1,-4.8,2.3,0.3,0.3,0.0,0.0,4.5,0.0,0.0,0.0,0.0,0.0
196,2026-03-15 04:00:00,-0.3,49.4,-9.6,-4.8,0.0,0.0,0.0,0.0,1025.2,852.1,1.0,0.0,0.9,0.0,0.3,2.5,3.5,101.2,120.5,5.4,-4.9,2.1,0.3,0.3,0.0,0.0,4.6,0.0,0.0,0.0,0.0,0.0
197,2026-03-15 05:00:00,-0.4,49.4,-9.7,-5.0,0.0,0.0,0.0,0.0,1025.1,852.0,1.6,0.0,1.5,0.0,0.3,2.7,3.1,94.2,99.2,5.6,-4.8,2.0,0.3,0.3,0.0,0.0,4.7,0.0,0.0,0.0,0.0,0.0
198,2026-03-15 06:00:00,-0.4,49.4,-9.8,-5.1,0.0,0.0,0.0,0.0,1025.0,851.9,2.2,0.0,2.0,0.0,0.3,2.8,3.2,88.0,75.9,5.9,-4.4,1.9,0.3,0.3,0.0,0.0,4.8,0.0,0.0,0.0,0.0,0.0
199,2026-03-15 07:00:00,-0.2,48.4,-9.9,-5.0,0.0,0.0,0.0,0.0,1024.9,851.9,2.8,0.0,2.6,0.0,0.3,2.9,3.7,83.5,55.1,6.2,-3.8,2.0,0.3,0.3,0.0,0.0,5.0,0.0,0.0,0.0,0.0,0.0
200,2026-03-15 08:00:00,0.3,46.4,-9.9,-4.4,0.0,0.0,0.0,0.0,1024.6,852.0,3.3,0.0,3.0,0.0,0.3,2.8,4.1,79.5,43.6,6.4,-2.3,2.3,0.3,0.3,0.0,0.0,5.1,43.6,1.1,42.5,6.1,27.2
201,2026-03-15 09:00:00,1.6,43.5,-9.5,-2.8,0.0,0.0,0.0,0.0,1024.0,852.2,8.1,0.0,3.0,6.8,0.4,2.3,3.8,75.4,36.5,6.5,0.8,3.0,0.3,0.3,0.0,0.0,5.1,150.8,31.6,119.2,124.1,150.8
202,2026-03-15 10:00:00,3.4,39.6,-9.1,-0.6,0.0,0.0,0.0,0.0,1023.3,852.6,15.8,0.0,3.0,16.5,0.5,1.6,3.1,65.9,29.5,6.5,4.9,3.8,0.3,0.3,0.0,0.0,5.2,303.4,117.6,185.8,271.6,303.4
203,2026-03-15 11:00:00,5.1,35.7,-8.9,1.4,0.0,0.0,0.0,1.0,1022.6,852.9,23.5,0.0,3.0,26.2,0.6,1.1,2.4,49.9,20.3,6.5,8.7,4.7,0.3,0.3,0.0,0.0,5.2,478.0,260.2,217.8,448.4,478.0
204,2026-03-15 12:00:00,6.7,31.7,-9.0,3.6,0.0,0.0,0.0,1.0,1021.9,853.2,31.2,0.0,3.0,36.0,0.7,0.7,1.8,11.6,5.7,6.5,12.3,5.6,0.3,0.3,0.0,0.0,5.2,649.9,440.5,209.4,641.9,649.9
205,2026-03-15 13:00:00,8.2,28.8,-8.9,5.8,0.0,0.0,0.0,1.0,1021.1,853.4,40.9,0.0,3.0,46.6,0.8,0.9,1.4,313.5,331.9,6.6,15.5,6.4,0.3,0.3,0.0,0.0,5.2,757.9,570.3,187.6,766.6,757.9
206,2026-03-15 14:00:00,9.0,27.8,-8.7,6.7,0.0,0.0,0.0,1.0,1020.6,853.4,49.4,0.0,3.0,53.5,0.8,1.1,1.2,302.7,313.1,6.6,17.1,7.0,0.3,0.3,0.0,0.0,5.3,760.6,587.4,173.2,783.9,760.6
207,2026-03-15 15:00:00,8.7,29.7,-8.0,6.2,0.0,0.0,0.0,2.0,1020.4,853.0,58.7,0.0,13.3,56.4,0.8,1.0,1.0,310.0,325.8,6.6,15.7,7.1,0.3,0.3,0.0,0.0,5.4,674.5,514.7,159.8,733.2,674.5
208,2026-03-15 16:00:00,7.7,33.6,-7.4,4.6,0.0,0.0,0.0,2.0,1020.3,852.4,67.8,0.0,28.3,55.4,0.7,0.7,1.0,338.2,11.8,6.6,12.6,7.0,0.3,0.3,0.0,0.0,5.5,537.9,397.4,140.5,656.7,537.9
209,2026-03-15 17:00:00,6.6,37.5,-7.0,3.1,0.0,0.0,0.0,2.0,1020.3,851.8,76.0,0.0,42.3,55.4,0.6,0.8,1.5,34.8,39.1,6.6,9.2,6.7,0.3,0.3,0.0,0.0,5.7,367.6,251.6,116.0,540.3,367.6
210,2026-03-15 18:00:00,5.3,42.4,-6.5,1.8,0.0,0.0,0.0,3.0,1020.4,851.2,84.2,0.0,56.3,54.5,0.5,1.2,2.1,60.0,56.0,6.6,5.6,6.4,0.3,0.3,0.0,0.0,5.9,180.8,104.6,76.2,357.2,180.8
211,2026-03-15 19:00:00,3.9,47.2,-6.4,0.0,0.0,0.0,0.0,3.0,1020.5,850.5,91.5,0.0,69.3,53.5,0.4,1.8,2.8,76.0,65.8,6.6,1.7,6.0,0.3,0.3,0.0,0.0,6.0,0.1,0.0,0.1,0.2,0.1
212,2026-03-15 20:00:00,2.8,52.1,-6.1,-1.3,0.0,0.0,0.0,3.0,1020.6,849.9,97.2,0.0,75.7,55.6,0.4,2.3,3.5,84.0,72.0,6.7,-1.3,5.5,0.3,0.3,0.0,0.0,6.2,0.0,0.0,0.0,0.0,0.0
213,2026-03-15 21:00:00,2.1,57.0,-5.6,-2.1,0.0,0.0,0.0,3.0,1020.7,849.7,97.4,0.0,72.8,62.7,0.3,2.6,4.2,90.7,79.9,6.8,-2.6,5.0,0.3,0.3,0.0,0.0,6.4,0.0,0.0,0.0,0.0,0.0
214,2026-03-15 22:00:00,1.8,62.8,-4.6,-2.5,0.0,0.0,0.0,3.0,1020.9,849.7,97.9,0.0,63.1,71.9,0.3,3.0,4.7,94.2,87.9,7.0,-3.0,4.6,0.3,0.3,0.0,0.0,6.5,0.0,0.0,0.0,0.0,0.0
215,2026-03-15 23:00:00,1.6,67.7,-3.9,-2.8,0.0,0.0,0.0,3.0,1021.0,849.6,98.4,0.0,52.4,81.2,0.2,3.3,5.3,87.7,86.6,7.2,-3.0,4.1,0.3,0.3,0.0,0.0,6.8,0.0,0.0,0.0,0.0,0.0
216,2026-03-16 00:00:00,1.4,72.6,-3.1,-3.1,0.0,0.0,0.0,3.0,1021.1,849.6,99.0,0.0,41.7,89.4,0.2,3.6,5.9,89.6,90.7,7.4,-2.9,3.6,0.3,0.3,0.0,0.0,7.1,0.0,0.0,0.0,0.0,0.0
217,2026-03-16 01:00:00,1.3,76.5,-2.5,-3.2,0.0,0.0,0.0,3.0,1021.2,849.6,99.6,0.0,30.0,97.7,0.2,3.8,6.4,92.7,94.1,7.6,-2.6,3.2,0.3,0.3,0.0,0.0,7.4,0.0,0.0,0.0,0.0,0.0
218,2026-03-16 02:00:00,1.3,79.5,-2.0,-3.1,0.0,0.0,0.0,3.0,1021.3,849.7,100.0,0.0,23.2,100.0,0.1,3.8,6.7,92.9,95.6,7.7,-2.2,2.8,0.3,0.3,0.0,0.0,7.7,0.0,0.0,0.0,0.0,0.0
219,2026-03-16 03:00:00,1.4,79.5,-1.8,-2.8,0.0,0.0,0.0,3.0,1021.3,849.8,100.0,0.0,23.4,94.1,0.1,3.7,6.6,91.7,94.8,7.8,-1.9,2.6,0.3,0.3,0.0,0.0,8.1,0.0,0.0,0.0,0.0,0.0
220,2026-03-16 04:00:00,1.7,78.6,-1.7,-2.4,0.0,0.0,0.0,3.0,1021.3,850.0,99.9,0.0,28.5,83.4,0.1,3.4,6.2,88.8,92.6,7.8,-1.8,2.5,0.3,0.3,0.0,0.0,8.4,0.0,0.0,0.0,0.0,0.0
221,2026-03-16 05:00:00,2.0,76.7,-1.8,-2.0,0.0,0.0,0.0,3.0,1021.2,850.1,99.8,0.0,34.6,72.8,0.2,3.0,5.8,85.2,89.9,7.8,-1.4,2.4,0.3,0.3,0.0,0.0,8.8,0.0,0.0,0.0,0.0,0.0
222,2026-03-16 06:00:00,2.3,74.8,-1.8,-1.4,0.0,0.0,0.0,3.0,1021.1,850.2,99.7,0.0,40.7,62.1,0.2,2.6,5.3,80.5,86.9,7.7,-1.0,2.4,0.3,0.3,0.0,0.0,9.2,0.0,0.0,0.0,0.0,0.0
223,2026-03-16 07:00:00,2.7,72.9,-1.8,-1.0,0.0,0.0,0.0,3.0,1021.0,850.2,99.5,0.0,48.7,51.4,0.2,2.4,4.8,77.1,83.3,7.7,-0.4,2.5,0.3,0.3,0.0,0.0,9.6,0.0,0.0,0.0,0.0,0.0
224,2026-03-16 08:00:00,3.1,71.0,-1.7,-0.4,0.0,0.0,0.0,3.0,1020.7,850.2,99.4,0.0,54.8,46.5,0.2,2.2,4.6,74.7,80.5,7.6,0.3,2.7,0.3,0.3,0.0,0.0,9.9,18.2,0.0,18.2,0.1,11.5
225,2026-03-16 09:00:00,3.6,70.1,-1.4,0.1,0.1,0.1,0.0,51.0,1020.2,850.2,99.4,0.0,58.9,50.4,0.2,2.3,4.5,77.9,81.6,7.6,1.4,3.1,0.3,0.3,0.0,0.0,10.1,53.0,2.0,51.0,7.5,53.0
226,2026-03-16 10:00:00,4.2,69.1,-1.0,0.6,0.1,0.1,0.0,51.0,1019.6,850.0,99.6,0.0,62.1,60.2,0.3,2.5,4.5,81.8,84.3,7.6,2.7,3.6,0.3,0.3,0.0,0.0,10.4,98.7,7.6,91.1,17.4,98.7
227,2026-03-16 11:00:00,4.8,68.1,-0.7,1.1,0.1,0.1,0.0,51.0,1019.1,849.8,99.7,0.0,65.2,69.9,0.3,2.7,4.6,86.7,88.2,7.6,3.9,4.2,0.3,0.3,0.0,0.0,10.6,147.4,13.9,133.5,23.9,147.4
228,2026-03-16 12:00:00,5.3,68.2,-0.2,1.6,0.1,0.1,0.0,51.0,1018.6,849.7,99.8,0.0,68.4,80.6,0.3,2.9,4.6,91.0,92.1,7.6,5.0,4.7,0.3,0.3,0.0,0.0,10.8,192.4,20.0,172.4,29.3,192.4
229,2026-03-16 13:00:00,5.7,68.2,0.2,1.9,0.1,0.1,0.0,51.0,1018.2,849.5,99.9,0.0,71.5,92.2,0.3,3.1,4.6,94.8,95.9,7.5,6.1,5.2,0.3,0.3,0.0,0.0,10.9,217.3,23.2,194.1,31.5,217.3
230,2026-03-16 14:00:00,5.8,69.3,0.5,2.1,0.1,0.1,0.0,51.0,1018.0,849.4,100.0,0.1,75.5,100.0,0.3,3.1,4.4,96.7,97.6,7.6,6.5,5.4,0.3,0.3,0.0,0.0,11.2,207.8,20.3,187.5,27.4,207.8
231,2026-03-16 15:00:00,5.5,71.4,0.7,2.1,0.3,0.2,0.1,71.0,1018.3,849.5,100.0,2.1,80.5,100.0,0.3,2.7,3.8,95.4,95.8,7.6,6.0,5.4,0.3,0.3,0.0,0.0,11.4,173.7,15.0,158.7,21.6,173.7
232,2026-03-16 16:00:00,5.0,73.6,0.7,1.9,0.3,0.2,0.1,71.0,1018.8,849.7,100.0,6.2,85.4,100.0,0.2,2.1,3.0,93.9,89.7,7.6,5.1,5.2,0.3,0.3,0.0,0.0,11.6,130.1,10.7,119.5,17.7,130.1
233,2026-03-16 17:00:00,4.5,76.7,0.7,1.6,0.3,0.2,0.1,71.0,1019.4,849.9,100.0,10.3,90.3,100.0,0.2,1.5,2.3,87.5,79.1,7.4,3.9,4.9,0.3,0.3,0.0,0.0,11.7,83.0,6.3,76.7,13.5,83.0
234,2026-03-16 18:00:00,3.8,79.9,0.7,1.3,0.3,0.2,0.1,71.0,1020.0,850.0,100.0,14.4,94.2,100.0,0.2,1.0,1.7,73.3,59.8,7.3,2.7,4.5,0.3,0.3,0.0,0.0,11.8,37.8,1.9,35.9,6.4,37.8
235,2026-03-16 19:00:00,3.2,83.0,0.6,0.8,0.3,0.2,0.1,71.0,1020.7,850.2,100.0,19.5,98.0,100.0,0.1,0.6,1.4,33.8,30.1,7.1,1.4,4.2,0.3,0.3,0.0,0.0,11.9,0.2,0.0,0.2,0.0,0.1
236,2026-03-16 20:00:00,2.6,86.1,0.5,0.2,0.3,0.2,0.1,71.0,1021.1,850.3,100.0,24.6,100.0,100.0,0.1,0.7,1.6,333.8,352.5,6.8,0.4,3.8,0.3,0.3,0.0,0.0,11.9,0.0,0.0,0.0,0.0,0.0
237,2026-03-16 21:00:00,2.2,88.2,0.5,-0.2,0.1,0.0,0.1,71.0,1021.4,850.4,100.0,30.7,99.8,99.8,0.1,0.7,1.7,318.9,342.1,6.3,-0.2,3.5,0.3,0.3,0.0,0.0,11.7,0.0,0.0,0.0,0.0,0.0
238,2026-03-16 22:00:00,2.0,90.2,0.5,-0.5,0.1,0.0,0.1,71.0,1021.5,850.3,100.0,36.7,97.6,99.5,0.1,0.8,1.6,312.8,337.8,5.6,-0.5,3.3,0.3,0.3,0.0,0.0,11.5,0.0,0.0,0.0,0.0,0.0
239,2026-03-16 23:00:00,1.8,91.2,0.5,-0.7,0.1,0.0,0.1,71.0,1021.6,850.3,99.9,42.8,95.4,99.2,0.1,0.8,1.5,312.7,333.1,4.9,-0.8,3.1,0.3,0.3,0.0,0.0,11.2,0.0,0.0,0.0,0.0,0.0
